window_id,window_start,regime,detections,detection_rate,acceptance_rate,edge_margin_mean,stability_margin_mean,stability_eta,isolation_share,alignment_cos_mean,alignment_angle_mean,raw_detection_count,substitution_fraction,gating_mode,gating_initial,gating_accepted,gating_rejected,gating_soft_cap,gating_delta_frac,reason_code,resolved_config_path,calm_threshold,crisis_threshold,vol_signal,group_design,group_count,group_replicates,prewhiten_r2_mean,prewhiten_r2_median,prewhiten_mode_requested,prewhiten_mode_effective,prewhiten_factor_count,prewhiten_beta_abs_mean,prewhiten_beta_abs_std,prewhiten_beta_abs_median,prewhiten_factors,residual_energy_mean,acceptance_delta,group_label_counts,group_observations,vol_state_label,cov_condition_baseline,cov_condition_overlay,cov_condition_penalized,mv_condition_cap,mv_condition_flag,mv_turnover,mv_turnover_cost_bps,baseline_errors
0.0,2018-07-03T00:00:00,calm,0,0.0,0.0,0.0,0.0,0.0,0.0,,,0,0.0,strict,0,0,0,,,detection_error,reports/rc-20251107/dow-scm/resolved_config.json,0.014614242460936138,0.01900143891609006,0.014459637259545704,dow,5,20,0.0,0.0,ff5mom,off,0,0.0,0.0,0.0,,0.0,0.0,mon:20|tue:20|wed:20|thu:20|fri:20,100,calm,20.32710174864632,20.32710174864632,11.909114264263351,1000000.0,False,0.0,0.0,factor:missing factor returns;poet:insufficient observations for POET
,,calm,0,0.0,,0.0,0.0,,0.0,0.0,0.0,0,0.0,strict,0,0,0,,0.02,balance_failure,reports/rc-20251107/dow-scm/resolved_config.json,0.014538094131020361,0.01899567283212171,0.014140611223822491,dow,5,19,0.0,0.0,ff5mom,off,0,0.0,0.0,0.0,,0.0,0.0,mon:19|tue:19|wed:19|thu:19|fri:19,95,calm,,,,,,,,
,,calm,0,0.0,,0.0,0.0,,0.0,0.0,0.0,0,0.0,strict,0,0,0,,0.02,balance_failure,reports/rc-20251107/dow-scm/resolved_config.json,0.014516956061880368,0.018989906748153363,0.01428595561047524,dow,5,19,0.0,0.0,ff5mom,off,0,0.0,0.0,0.0,,0.0,0.0,mon:19|tue:19|wed:19|thu:19|fri:19,95,calm,,,,,,,,
,,calm,0,0.0,,0.0,0.0,,0.0,0.0,0.0,0,0.0,strict,0,0,0,,0.02,balance_failure,reports/rc-20251107/dow-scm/resolved_config.json,0.014513551212992566,0.018984140664185013,0.014369346018763409,dow,5,19,0.0,0.0,ff5mom,off,0,0.0,0.0,0.0,,0.0,0.0,mon:19|tue:19|wed:19|thu:19|fri:19,95,calm,,,,,,,,
,,calm,0,0.0,,0.0,0.0,,0.0,0.0,0.0,0,0.0,strict,0,0,0,,0.02,balance_failure,reports/rc-20251107/dow-scm/resolved_config.json,0.014503569877910284,0.018978374580216666,0.014417409502283245,dow,5,19,0.0,0.0,ff5mom,off,0,0.0,0.0,0.0,,0.0,0.0,mon:19|tue:19|wed:19|thu:19|fri:19,95,calm,,,,,,,,
,,calm,0,0.0,,0.0,0.0,,0.0,0.0,0.0,0,0.0,strict,0,0,0,,0.02,balance_failure,reports/rc-20251107/dow-scm/resolved_config.json,0.014475669684263786,0.018972608496248315,0.014033923513261652,dow,5,19,0.0,0.0,ff5mom,off,0,0.0,0.0,0.0,,0.0,0.0,mon:19|tue:19|wed:19|thu:19|fri:19,95,calm,,,,,,,,
,,calm,0,0.0,,0.0,0.0,,0.0,0.0,0.0,0,0.0,strict,0,0,0,,0.02,balance_failure,reports/rc-20251107/dow-scm/resolved_config.json,0.014468772988219672,0.018963873220717863,0.014417030017337984,dow,5,19,0.0,0.0,ff5mom,off,0,0.0,0.0,0.0,,0.0,0.0,mon:19|tue:19|wed:19|thu:19|fri:19,95,calm,,,,,,,,
,,calm,0,0.0,,0.0,0.0,,0.0,0.0,0.0,0,0.0,strict,0,0,0,,0.02,balance_failure,reports/rc-20251107/dow-scm/resolved_config.json,0.01446260188141088,0.01895513794518741,0.01394986317302013,dow,5,19,0.0,0.0,ff5mom,off,0,0.0,0.0,0.0,,0.0,0.0,mon:19|tue:19|wed:19|thu:19|fri:19,95,calm,,,,,,,,
,,calm,0,0.0,,0.0,0.0,,0.0,0.0,0.0,0,0.0,strict,0,0,0,,0.02,balance_failure,reports/rc-20251107/dow-scm/resolved_config.json,0.01444610869040119,0.01894640266965696,0.013660596248907987,dow,5,19,0.0,0.0,ff5mom,off,0,0.0,0.0,0.0,,0.0,0.0,mon:19|tue:19|wed:19|thu:19|fri:19,95,calm,,,,,,,,
9.0,2018-07-17T00:00:00,calm,0,0.0,0.0,0.0,0.0,0.0,0.0,,,0,0.0,strict,0,0,0,,,detection_error,reports/rc-20251107/dow-scm/resolved_config.json,0.014424134569804185,0.018937667394126508,0.013608146150928029,dow,5,20,0.0,0.0,ff5mom,off,0,0.0,0.0,0.0,,0.0,0.0,mon:20|tue:20|wed:20|thu:20|fri:20,100,calm,20.644806959748244,20.644806959748244,12.053070254978035,1000000.0,False,0.025357056334135476,0.12678528167067737,factor:missing factor returns;poet:insufficient observations for POET
,,calm,0,0.0,,0.0,0.0,,0.0,0.0,0.0,0,0.0,strict,0,0,0,,0.02,balance_failure,reports/rc-20251107/dow-scm/resolved_config.json,0.014417409502283245,0.018928932118596056,0.013636163615327398,dow,5,19,0.0,0.0,ff5mom,off,0,0.0,0.0,0.0,,0.0,0.0,mon:19|tue:19|wed:19|thu:19|fri:19,95,calm,,,,,,,,
,,calm,0,0.0,,0.0,0.0,,0.0,0.0,0.0,0,0.0,strict,0,0,0,,0.02,balance_failure,reports/rc-20251107/dow-scm/resolved_config.json,0.014417105914327037,0.018925677177060365,0.013366721773075721,dow,5,19,0.0,0.0,ff5mom,off,0,0.0,0.0,0.0,,0.0,0.0,mon:19|tue:19|wed:19|thu:19|fri:19,95,calm,,,,,,,,
,,calm,0,0.0,,0.0,0.0,,0.0,0.0,0.0,0,0.0,strict,0,0,0,,0.02,balance_failure,reports/rc-20251107/dow-scm/resolved_config.json,0.014410145717748473,0.01892242223552467,0.014073289143978599,dow,5,19,0.0,0.0,ff5mom,off,0,0.0,0.0,0.0,,0.0,0.0,mon:19|tue:19|wed:19|thu:19|fri:19,95,calm,,,,,,,,
,,calm,0,0.0,,0.0,0.0,,0.0,0.0,0.0,0,0.0,strict,0,0,0,,0.02,balance_failure,reports/rc-20251107/dow-scm/resolved_config.json,0.014394313084736154,0.01891916729398898,0.013865904843965991,dow,5,19,0.0,0.0,ff5mom,off,0,0.0,0.0,0.0,,0.0,0.0,mon:19|tue:19|wed:19|thu:19|fri:19,95,calm,,,,,,,,
14.0,2018-07-24T00:00:00,calm,0,0.0,0.0,0.0,0.0,0.0,0.0,,,0,0.0,strict,0,0,0,,,detection_error,reports/rc-20251107/dow-scm/resolved_config.json,0.014375827951598431,0.018915912352453285,0.013807292847602334,dow,5,20,0.0,0.0,ff5mom,off,0,0.0,0.0,0.0,,0.0,0.0,mon:20|tue:20|wed:20|thu:20|fri:20,100,calm,20.23444251315558,20.23444251315558,11.854745423915078,1000000.0,False,0.035268186083349605,0.17634093041674803,factor:missing factor returns;poet:insufficient observations for POET
36.0,2018-08-23T00:00:00,calm,0,0.0,0.0,0.0,0.0,0.0,0.0,,,0,0.0,strict,0,0,0,,,detection_error,reports/rc-20251107/dow-scm/resolved_config.json,0.01441909076916348,0.01871151865623593,0.01438863612058237,dow,5,20,0.0,0.0,ff5mom,off,0,0.0,0.0,0.0,,0.0,0.0,mon:20|tue:20|wed:20|thu:20|fri:20,100,calm,15.84274300772731,15.84274300772731,8.824061823813073,1000000.0,False,0.0,0.0,factor:missing factor returns;poet:insufficient observations for POET
37.0,2018-08-24T00:00:00,calm,0,0.0,0.0,0.0,0.0,0.0,0.0,,,0,0.0,strict,0,0,0,,,detection_error,reports/rc-20251107/dow-scm/resolved_config.json,0.014417181811316088,0.018664387247686653,0.014053979376265017,dow,5,20,0.0,0.0,ff5mom,off,0,0.0,0.0,0.0,,0.0,0.0,mon:20|tue:20|wed:20|thu:20|fri:20,100,calm,15.84274300772731,15.84274300772731,8.824061823813073,1000000.0,False,0.0,0.0,factor:missing factor returns;poet:insufficient observations for POET
38.0,2018-08-27T00:00:00,calm,0,0.0,0.0,0.0,0.0,0.0,0.0,,,0,0.0,strict,0,0,0,,,detection_error,reports/rc-20251107/dow-scm/resolved_config.json,0.01441244048427831,0.018617255839137373,0.013809251239612635,dow,5,20,0.0,0.0,ff5mom,off,0,0.0,0.0,0.0,,0.0,0.0,mon:20|tue:20|wed:20|thu:20|fri:20,100,calm,15.84274300772731,15.84274300772731,8.824061823813073,1000000.0,False,0.0,0.0,factor:missing factor returns;poet:insufficient observations for POET
39.0,2018-08-28T00:00:00,calm,0,0.0,0.0,0.0,0.0,0.0,0.0,,,0,0.0,strict,0,0,0,,,detection_error,reports/rc-20251107/dow-scm/resolved_config.json,0.014402172171867513,0.018570124430588097,0.013672587378069609,dow,5,20,0.0,0.0,ff5mom,off,0,0.0,0.0,0.0,,0.0,0.0,mon:20|tue:20|wed:20|thu:20|fri:20,100,calm,15.459552986317862,15.459552986317862,8.527856409328393,1000000.0,False,0.05693261447884362,0.28466307239421806,factor:missing factor returns;poet:insufficient observations for POET
40.0,2018-08-29T00:00:00,calm,0,0.0,0.0,0.0,0.0,0.0,0.0,,,0,0.0,strict,0,0,0,,,detection_error,reports/rc-20251107/dow-scm/resolved_config.json,0.01438863612058237,0.018522993022038817,0.013677687859046677,dow,5,20,0.0,0.0,ff5mom,off,0,0.0,0.0,0.0,,0.0,0.0,mon:20|tue:20|wed:20|thu:20|fri:20,100,calm,15.459552986317862,15.459552986317862,8.527856409328393,1000000.0,False,0.0,0.0,factor:missing factor returns;poet:insufficient observations for POET
41.0,2018-08-30T00:00:00,calm,0,0.0,0.0,0.0,0.0,0.0,0.0,,,0,0.0,strict,0,0,0,,,detection_error,reports/rc-20251107/dow-scm/resolved_config.json,0.014379685971962222,0.01850026867199738,0.01391974982945796,dow,5,20,0.0,0.0,ff5mom,off,0,0.0,0.0,0.0,,0.0,0.0,mon:20|tue:20|wed:20|thu:20|fri:20,100,calm,15.459552986317862,15.459552986317862,8.527856409328393,1000000.0,False,0.0,0.0,factor:missing factor returns;poet:insufficient observations for POET
42.0,2018-08-31T00:00:00,calm,0,0.0,0.0,0.0,0.0,0.0,0.0,,,0,0.0,strict,0,0,0,,,detection_error,reports/rc-20251107/dow-scm/resolved_config.json,0.01437258698518092,0.018477544321955943,0.013999509503990497,dow,5,20,0.0,0.0,ff5mom,off,0,0.0,0.0,0.0,,0.0,0.0,mon:20|tue:20|wed:20|thu:20|fri:20,100,calm,15.459552986317862,15.459552986317862,8.527856409328393,1000000.0,False,0.0,0.0,factor:missing factor returns;poet:insufficient observations for POET
43.0,2018-09-04T00:00:00,calm,0,0.0,0.0,0.0,0.0,0.0,0.0,,,0,0.0,strict,0,0,0,,,detection_error,reports/rc-20251107/dow-scm/resolved_config.json,0.014368389164284425,0.01845481997191451,0.013783904966792274,dow,5,20,0.0,0.0,ff5mom,off,0,0.0,0.0,0.0,,0.0,0.0,mon:20|tue:20|wed:20|thu:20|fri:20,100,calm,15.459552986317862,15.459552986317862,8.527856409328393,1000000.0,False,0.0,0.0,factor:missing factor returns;poet:insufficient observations for POET
44.0,2018-09-05T00:00:00,calm,0,0.0,0.0,0.0,0.0,0.0,0.0,,,0,0.0,strict,0,0,0,,,detection_error,reports/rc-20251107/dow-scm/resolved_config.json,0.014365414551986368,0.018432095621873076,0.01404594548385063,dow,5,20,0.0,0.0,ff5mom,off,0,0.0,0.0,0.0,,0.0,0.0,mon:20|tue:20|wed:20|thu:20|fri:20,100,calm,15.862771479059303,15.862771479059303,8.755474865639261,1000000.0,False,0.028732282094974793,0.14366141047487396,factor:missing factor returns;poet:insufficient observations for POET
45.0,2018-09-06T00:00:00,calm,0,0.0,0.0,0.0,0.0,0.0,0.0,,,0,0.0,strict,0,0,0,,,detection_error,reports/rc-20251107/dow-scm/resolved_config.json,0.014359257229668044,0.018409371271831638,0.01371572617458916,dow,5,20,0.0,0.0,ff5mom,off,0,0.0,0.0,0.0,,0.0,0.0,mon:20|tue:20|wed:20|thu:20|fri:20,100,calm,15.862771479059303,15.862771479059303,8.755474865639261,1000000.0,False,0.0,0.0,factor:missing factor returns;poet:insufficient observations for POET
46.0,2018-09-07T00:00:00,calm,0,0.0,0.0,0.0,0.0,0.0,0.0,,,0,0.0,strict,0,0,0,,,detection_error,reports/rc-20251107/dow-scm/resolved_config.json,0.014335068304479497,0.018376340276186825,0.013655952154866612,dow,5,20,0.0,0.0,ff5mom,off,0,0.0,0.0,0.0,,0.0,0.0,mon:20|tue:20|wed:20|thu:20|fri:20,100,calm,15.862771479059303,15.862771479059303,8.755474865639261,1000000.0,False,0.0,0.0,factor:missing factor returns;poet:insufficient observations for POET
47.0,2018-09-10T00:00:00,calm,0,0.0,0.0,0.0,0.0,0.0,0.0,,,0,0.0,strict,0,0,0,,,detection_error,reports/rc-20251107/dow-scm/resolved_config.json,0.014303181795558088,0.01834330928054201,0.013403068241500308,dow,5,20,0.0,0.0,ff5mom,off,0,0.0,0.0,0.0,,0.0,0.0,mon:20|tue:20|wed:20|thu:20|fri:20,100,calm,15.862771479059303,15.862771479059303,8.755474865639261,1000000.0,False,0.0,0.0,factor:missing factor returns;poet:insufficient observations for POET
48.0,2018-09-11T00:00:00,calm,0,0.0,0.0,0.0,0.0,0.0,0.0,,,0,0.0,strict,0,0,0,,,detection_error,reports/rc-20251107/dow-scm/resolved_config.json,0.014279462665059315,0.0183102782848972,0.013358398394403868,dow,5,21,0.0,0.0,ff5mom,off,0,0.0,0.0,0.0,,0.0,0.0,mon:21|tue:21|wed:21|thu:21|fri:21,105,calm,17.129788386369263,17.129788386369263,9.134534545948146,1000000.0,False,0.01339891286928472,0.06699456434642359,factor:missing factor returns;poet:insufficient observations for POET
49.0,2018-09-12T00:00:00,calm,0,0.0,0.0,0.0,0.0,0.0,0.0,,,0,0.0,strict,0,0,0,,,detection_error,reports/rc-20251107/dow-scm/resolved_config.json,0.014267378748551808,0.018277247289252386,0.013267776215375891,dow,5,20,0.0,0.0,ff5mom,off,0,0.0,0.0,0.0,,0.0,0.0,mon:20|tue:20|wed:20|thu:20|fri:20,100,calm,15.741152152758367,15.741152152758367,8.661394104597928,1000000.0,False,0.02195509746495102,0.10977548732475509,factor:missing factor returns;poet:insufficient observations for POET
50.0,2018-09-13T00:00:00,calm,0,0.0,0.0,0.0,0.0,0.0,0.0,,,0,0.0,strict,0,0,0,,,detection_error,reports/rc-20251107/dow-scm/resolved_config.json,0.014258000755017337,0.01824421629360757,0.012953667042645011,dow,5,20,0.0,0.0,ff5mom,off,0,0.0,0.0,0.0,,0.0,0.0,mon:20|tue:20|wed:20|thu:20|fri:20,100,calm,15.741152152758367,15.741152152758367,8.661394104597928,1000000.0,False,0.0,0.0,factor:missing factor returns;poet:insufficient observations for POET
51.0,2018-09-14T00:00:00,calm,0,0.0,0.0,0.0,0.0,0.0,0.0,,,0,0.0,strict,0,0,0,,,detection_error,reports/rc-20251107/dow-scm/resolved_config.json,0.01425333138029353,0.018209109956397913,0.012876377706855366,dow,5,20,0.0,0.0,ff5mom,off,0,0.0,0.0,0.0,,0.0,0.0,mon:20|tue:20|wed:20|thu:20|fri:20,100,calm,15.741152152758367,15.741152152758367,8.661394104597928,1000000.0,False,0.0,0.0,factor:missing factor returns;poet:insufficient observations for POET
52.0,2018-09-17T00:00:00,calm,0,0.0,0.0,0.0,0.0,0.0,0.0,,,0,0.0,strict,0,0,0,,,detection_error,reports/rc-20251107/dow-scm/resolved_config.json,0.014249326881293743,0.01817400361918825,0.012761298769621185,dow,5,20,0.0,0.0,ff5mom,off,0,0.0,0.0,0.0,,0.0,0.0,mon:20|tue:20|wed:20|thu:20|fri:20,100,calm,15.741152152758367,15.741152152758367,8.661394104597928,1000000.0,False,0.0,0.0,factor:missing factor returns;poet:insufficient observations for POET
53.0,2018-09-18T00:00:00,calm,0,0.0,0.0,0.0,0.0,0.0,0.0,,,0,0.0,strict,0,0,0,,,detection_error,reports/rc-20251107/dow-scm/resolved_config.json,0.014224129548851343,0.018138897281978594,0.013312184392833985,dow,5,21,0.0,0.0,ff5mom,off,0,0.0,0.0,0.0,,0.0,0.0,mon:21|tue:21|wed:21|thu:21|fri:21,105,calm,16.944078385729295,16.944078385729295,9.069653127244713,1000000.0,False,0.022079735181330037,0.11039867590665019,factor:missing factor returns;poet:insufficient observations for POET
54.0,2018-09-19T00:00:00,calm,0,0.0,0.0,0.0,0.0,0.0,0.0,,,0,0.0,strict,0,0,0,,,detection_error,reports/rc-20251107/dow-scm/resolved_config.json,0.014187790519738532,0.018103790944768938,0.013202965405680245,dow,5,20,0.0,0.0,ff5mom,off,0,0.0,0.0,0.0,,0.0,0.0,mon:20|tue:20|wed:20|thu:20|fri:20,100,calm,13.167114053806644,13.167114053806644,7.1127465171872295,1000000.0,False,0.09549478890529303,0.4774739445264652,factor:missing factor returns;poet:insufficient observations for POET
55.0,2018-09-20T00:00:00,calm,0,0.0,0.0,0.0,0.0,0.0,0.0,,,0,0.0,strict,0,0,0,,,detection_error,reports/rc-20251107/dow-scm/resolved_config.json,0.014182269776666336,0.018068684607559275,0.013174673694219811,dow,5,20,0.0,0.0,ff5mom,off,0,0.0,0.0,0.0,,0.0,0.0,mon:20|tue:20|wed:20|thu:20|fri:20,100,calm,13.167114053806644,13.167114053806644,7.1127465171872295,1000000.0,False,0.0,0.0,factor:missing factor returns;poet:insufficient observations for POET
56.0,2018-09-21T00:00:00,calm,0,0.0,0.0,0.0,0.0,0.0,0.0,,,0,0.0,strict,0,0,0,,,detection_error,reports/rc-20251107/dow-scm/resolved_config.json,0.01414894293439126,0.018019593849196044,0.013111983175626878,dow,5,20,0.0,0.0,ff5mom,off,0,0.0,0.0,0.0,,0.0,0.0,mon:20|tue:20|wed:20|thu:20|fri:20,100,calm,13.167114053806644,13.167114053806644,7.1127465171872295,1000000.0,False,0.0,0.0,factor:missing factor returns;poet:insufficient observations for POET
57.0,2018-09-24T00:00:00,calm,0,0.0,0.0,0.0,0.0,0.0,0.0,,,0,0.0,strict,0,0,0,,,detection_error,reports/rc-20251107/dow-scm/resolved_config.json,0.01413289250264867,0.017970503090832805,0.013320487521982734,dow,5,20,0.0,0.0,ff5mom,off,0,0.0,0.0,0.0,,0.0,0.0,mon:20|tue:20|wed:20|thu:20|fri:20,100,calm,13.167114053806644,13.167114053806644,7.1127465171872295,1000000.0,False,0.0,0.0,factor:missing factor returns;poet:insufficient observations for POET
58.0,2018-09-25T00:00:00,calm,0,0.0,0.0,0.0,0.0,0.0,0.0,,,0,0.0,strict,0,0,0,,,detection_error,reports/rc-20251107/dow-scm/resolved_config.json,0.014105963670711114,0.017921412332469574,0.013654047923708015,dow,5,22,0.0,0.0,ff5mom,off,0,0.0,0.0,0.0,,0.0,0.0,mon:22|tue:22|wed:22|thu:22|fri:22,110,calm,14.400611306048868,14.400611306048868,7.223237514203402,1000000.0,False,0.0,0.0,factor:missing factor returns;poet:insufficient observations for POET
59.0,2018-09-26T00:00:00,calm,0,0.0,0.0,0.0,0.0,0.0,0.0,,,0,0.0,strict,0,0,0,,,detection_error,reports/rc-20251107/dow-scm/resolved_config.json,0.014069427190435883,0.017872321574106342,0.013365959535389731,dow,5,22,0.0,0.0,ff5mom,off,0,0.0,0.0,0.0,,0.0,0.0,mon:22|tue:22|wed:22|thu:22|fri:22,110,calm,14.400611306048868,14.400611306048868,7.223237514203402,1000000.0,False,0.0,0.0,factor:missing factor returns;poet:insufficient observations for POET
60.0,2018-09-27T00:00:00,calm,0,0.0,0.0,0.0,0.0,0.0,0.0,,,0,0.0,strict,0,0,0,,,detection_error,reports/rc-20251107/dow-scm/resolved_config.json,0.014053979376265017,0.017823230815743104,0.013537970143181801,dow,5,22,0.0,0.0,ff5mom,off,0,0.0,0.0,0.0,,0.0,0.0,mon:22|tue:22|wed:22|thu:22|fri:22,110,calm,14.400611306048868,14.400611306048868,7.223237514203402,1000000.0,False,0.0,0.0,factor:missing factor returns;poet:insufficient observations for POET
61.0,2018-09-28T00:00:00,calm,0,0.0,0.0,0.0,0.0,0.0,0.0,,,0,0.0,strict,0,0,0,,,detection_error,reports/rc-20251107/dow-scm/resolved_config.json,0.014047552262333507,0.017812080848697957,0.013315658782722376,dow,5,22,0.0,0.0,ff5mom,off,0,0.0,0.0,0.0,,0.0,0.0,mon:22|tue:22|wed:22|thu:22|fri:22,110,calm,14.400611306048868,14.400611306048868,7.223237514203402,1000000.0,False,0.0,0.0,factor:missing factor returns;poet:insufficient observations for POET
62.0,2018-10-01T00:00:00,calm,0,0.0,0.0,0.0,0.0,0.0,0.0,,,0,0.0,strict,0,0,0,,,detection_error,reports/rc-20251107/dow-scm/resolved_config.json,0.014038732301497244,0.01780093088165281,0.013470415422168817,dow,5,22,0.0,0.0,ff5mom,off,0,0.0,0.0,0.0,,0.0,0.0,mon:22|tue:22|wed:22|thu:22|fri:22,110,calm,14.400611306048868,14.400611306048868,7.223237514203402,1000000.0,False,0.0,0.0,factor:missing factor returns;poet:insufficient observations for POET
63.0,2018-10-02T00:00:00,calm,0,0.0,0.0,0.0,0.0,0.0,0.0,,,0,0.0,strict,0,0,0,,,detection_error,reports/rc-20251107/dow-scm/resolved_config.json,0.01402015790955319,0.01778978091460766,0.013622492427318755,dow,5,22,0.0,0.0,ff5mom,off,0,0.0,0.0,0.0,,0.0,0.0,mon:22|tue:22|wed:22|thu:22|fri:22,110,calm,13.75914707044109,13.75914707044109,6.855706491863443,1000000.0,False,0.0621033851910992,0.310516925955496,factor:missing factor returns;poet:insufficient observations for POET
,,calm,0,0.0,,0.0,0.0,,0.0,0.0,0.0,0,0.0,strict,0,0,0,,0.02,balance_failure,reports/rc-20251107/dow-scm/resolved_config.json,0.014417333605294192,0.020485501263613315,0.014370254948709877,dow,5,19,0.0,0.0,ff5mom,off,0,0.0,0.0,0.0,,0.0,0.0,mon:19|tue:19|wed:19|thu:19|fri:19,95,calm,,,,,,,,
,,calm,0,0.0,,0.0,0.0,,0.0,0.0,0.0,0,0.0,strict,0,0,0,,0.02,balance_failure,reports/rc-20251107/dow-scm/resolved_config.json,0.014438116899955241,0.020202982226749544,0.014338351600557412,dow,5,18,0.0,0.0,ff5mom,off,0,0.0,0.0,0.0,,0.0,0.0,mon:18|tue:18|wed:18|thu:18|fri:18,90,calm,,,,,,,,
,,calm,0,0.0,,0.0,0.0,,0.0,0.0,0.0,0,0.0,strict,0,0,0,,0.02,balance_failure,reports/rc-20251107/dow-scm/resolved_config.json,0.014428584226033702,0.02019790103795455,0.014049780507437338,dow,5,19,0.0,0.0,ff5mom,off,0,0.0,0.0,0.0,,0.0,0.0,mon:19|tue:19|wed:19|thu:19|fri:19,95,calm,,,,,,,,
,,calm,0,0.0,,0.0,0.0,,0.0,0.0,0.0,0,0.0,strict,0,0,0,,0.02,balance_failure,reports/rc-20251107/dow-scm/resolved_config.json,0.01442245330292395,0.020192819849159552,0.014106955801870881,dow,5,19,0.0,0.0,ff5mom,off,0,0.0,0.0,0.0,,0.0,0.0,mon:19|tue:19|wed:19|thu:19|fri:19,95,calm,,,,,,,,
,,calm,0,0.0,,0.0,0.0,,0.0,0.0,0.0,0,0.0,strict,0,0,0,,0.02,balance_failure,reports/rc-20251107/dow-scm/resolved_config.json,0.014417333605294192,0.020187738660364555,0.014121700518251581,dow,5,19,0.0,0.0,ff5mom,off,0,0.0,0.0,0.0,,0.0,0.0,mon:19|tue:19|wed:19|thu:19|fri:19,95,calm,,,,,,,,
,,calm,0,0.0,,0.0,0.0,,0.0,0.0,0.0,0,0.0,strict,0,0,0,,0.02,balance_failure,reports/rc-20251107/dow-scm/resolved_config.json,0.014417030017337984,0.020182657471569557,0.014391937001742863,dow,5,18,0.0,0.0,ff5mom,off,0,0.0,0.0,0.0,,0.0,0.0,mon:18|tue:18|wed:18|thu:18|fri:18,90,calm,,,,,,,,
,,calm,0,0.0,,0.0,0.0,,0.0,0.0,0.0,0,0.0,strict,0,0,0,,0.02,balance_failure,reports/rc-20251107/dow-scm/resolved_config.json,0.014519057048541416,0.019624930215317294,0.014384380704591394,dow,5,19,0.0,0.0,ff5mom,off,0,0.0,0.0,0.0,,0.0,0.0,mon:19|tue:19|wed:19|thu:19|fri:19,95,calm,,,,,,,,
,,calm,0,0.0,,0.0,0.0,,0.0,0.0,0.0,0,0.0,strict,0,0,0,,0.02,balance_failure,reports/rc-20251107/dow-scm/resolved_config.json,0.014516255732993352,0.019622923704701502,0.014348947560918625,dow,5,18,0.0,0.0,ff5mom,off,0,0.0,0.0,0.0,,0.0,0.0,mon:18|tue:18|wed:18|thu:18|fri:18,90,calm,,,,,,,,
,,calm,0,0.0,,0.0,0.0,,0.0,0.0,0.0,0,0.0,strict,0,0,0,,0.02,balance_failure,reports/rc-20251107/dow-scm/resolved_config.json,0.014512549117435679,0.019620917194085707,0.01398594409048477,dow,5,18,0.0,0.0,ff5mom,off,0,0.0,0.0,0.0,,0.0,0.0,mon:18|tue:18|wed:18|thu:18|fri:18,90,calm,,,,,,,,
,,calm,0,0.0,,0.0,0.0,,0.0,0.0,0.0,0,0.0,strict,0,0,0,,0.02,balance_failure,reports/rc-20251107/dow-scm/resolved_config.json,0.01449763159033776,0.019618910683469916,0.01409344614145403,dow,5,18,0.0,0.0,ff5mom,off,0,0.0,0.0,0.0,,0.0,0.0,mon:18|tue:18|wed:18|thu:18|fri:18,90,calm,,,,,,,,
,,calm,0,0.0,,0.0,0.0,,0.0,0.0,0.0,0,0.0,strict,0,0,0,,0.02,balance_failure,reports/rc-20251107/dow-scm/resolved_config.json,0.014477743205941987,0.01961690417285412,0.01383470073886012,dow,5,19,0.0,0.0,ff5mom,off,0,0.0,0.0,0.0,,0.0,0.0,mon:19|tue:19|wed:19|thu:19|fri:19,95,calm,,,,,,,,
,,calm,0,0.0,,0.0,0.0,,0.0,0.0,0.0,0,0.0,strict,0,0,0,,0.02,balance_failure,reports/rc-20251107/dow-scm/resolved_config.json,0.014475669684263786,0.01961489766223833,0.013592175004658437,dow,5,19,0.0,0.0,ff5mom,off,0,0.0,0.0,0.0,,0.0,0.0,mon:19|tue:19|wed:19|thu:19|fri:19,95,calm,,,,,,,,
,,calm,0,0.0,,0.0,0.0,,0.0,0.0,0.0,0,0.0,strict,0,0,0,,0.02,balance_failure,reports/rc-20251107/dow-scm/resolved_config.json,0.014468772988219672,0.019610890200106652,0.01376862430022056,dow,5,19,0.0,0.0,ff5mom,off,0,0.0,0.0,0.0,,0.0,0.0,mon:19|tue:19|wed:19|thu:19|fri:19,95,calm,,,,,,,,
,,calm,0,0.0,,0.0,0.0,,0.0,0.0,0.0,0,0.0,strict,0,0,0,,0.02,balance_failure,reports/rc-20251107/dow-scm/resolved_config.json,0.01446260188141088,0.019606882737974975,0.014069762625792714,dow,5,19,0.0,0.0,ff5mom,off,0,0.0,0.0,0.0,,0.0,0.0,mon:19|tue:19|wed:19|thu:19|fri:19,95,calm,,,,,,,,
,,calm,0,0.0,,0.0,0.0,,0.0,0.0,0.0,0,0.0,strict,0,0,0,,0.02,balance_failure,reports/rc-20251107/dow-scm/resolved_config.json,0.014448877079750472,0.0196028752758433,0.014374906738467842,dow,5,19,0.0,0.0,ff5mom,off,0,0.0,0.0,0.0,,0.0,0.0,mon:19|tue:19|wed:19|thu:19|fri:19,95,calm,,,,,,,,
264.0,2019-07-23T00:00:00,calm,0,0.0,0.0,0.0,0.0,0.0,0.0,,,0,0.0,strict,0,0,0,,,detection_error,reports/rc-20251107/dow-scm/resolved_config.json,0.014431352615382986,0.019598867813711618,0.0141678669497865,dow,5,21,0.0,0.0,ff5mom,off,0,0.0,0.0,0.0,,0.0,0.0,mon:21|tue:21|wed:21|thu:21|fri:21,105,calm,22.058969457366477,22.058969457366477,11.701784353951647,1000000.0,False,0.0,0.0,factor:missing factor returns;poet:insufficient observations for POET
265.0,2019-07-24T00:00:00,calm,0,0.0,0.0,0.0,0.0,0.0,0.0,,,0,0.0,strict,0,0,0,,,detection_error,reports/rc-20251107/dow-scm/resolved_config.json,0.01442581583668442,0.01959486035157994,0.014371732381949049,dow,5,20,0.0,0.0,ff5mom,off,0,0.0,0.0,0.0,,0.0,0.0,mon:20|tue:20|wed:20|thu:20|fri:20,100,calm,20.400024267608135,20.400024267608135,10.991663609238515,1000000.0,False,0.020939095104836415,0.10469547552418207,factor:missing factor returns;poet:insufficient observations for POET
349.0,2019-11-20T00:00:00,calm,0,0.0,0.0,0.0,0.0,0.0,0.0,,,0,0.0,strict,0,0,0,,,detection_error,reports/rc-20251107/dow-scm/resolved_config.json,0.014632728046655136,0.01994568428487392,0.01457847432415494,dow,5,23,0.0,0.0,ff5mom,off,0,0.0,0.0,0.0,,0.0,0.0,mon:23|tue:23|wed:23|thu:23|fri:23,115,calm,27.742520012221547,27.742520012221547,15.629087578017042,1000000.0,False,0.0,0.0,factor:missing factor returns;poet:insufficient observations for POET
350.0,2019-11-21T00:00:00,calm,0,0.0,0.0,0.0,0.0,0.0,0.0,,,0,0.0,strict,0,0,0,,,detection_error,reports/rc-20251107/dow-scm/resolved_config.json,0.014632533075516006,0.019936691262990823,0.014375671888323402,dow,5,23,0.0,0.0,ff5mom,off,0,0.0,0.0,0.0,,0.0,0.0,mon:23|tue:23|wed:23|thu:23|fri:23,115,calm,27.742520012221547,27.742520012221547,15.629087578017042,1000000.0,False,0.0,0.0,factor:missing factor returns;poet:insufficient observations for POET
351.0,2019-11-22T00:00:00,calm,0,0.0,0.0,0.0,0.0,0.0,0.0,,,0,0.0,strict,0,0,0,,,detection_error,reports/rc-20251107/dow-scm/resolved_config.json,0.01462607910935755,0.01992243608685561,0.014517880444656215,dow,5,23,0.0,0.0,ff5mom,off,0,0.0,0.0,0.0,,0.0,0.0,mon:23|tue:23|wed:23|thu:23|fri:23,115,calm,27.742520012221547,27.742520012221547,15.629087578017042,1000000.0,False,0.0,0.0,factor:missing factor returns;poet:insufficient observations for POET
352.0,2019-11-25T00:00:00,calm,0,0.0,0.0,0.0,0.0,0.0,0.0,,,0,0.0,strict,0,0,0,,,detection_error,reports/rc-20251107/dow-scm/resolved_config.json,0.014622284940042444,0.019908180910720396,0.014223444796334916,dow,5,22,0.0,0.0,ff5mom,off,0,0.0,0.0,0.0,,0.0,0.0,mon:22|tue:22|wed:22|thu:22|fri:22,110,calm,26.040754353462766,26.040754353462766,15.016724135208882,1000000.0,False,0.023660356559554556,0.11830178279777279,factor:missing factor returns;poet:insufficient observations for POET
354.0,2019-11-27T00:00:00,calm,0,0.0,0.0,0.0,0.0,0.0,0.0,,,0,0.0,strict,0,0,0,,,detection_error,reports/rc-20251107/dow-scm/resolved_config.json,0.014619513416074256,0.019879670558449972,0.014547517033438586,dow,5,23,0.0,0.0,ff5mom,off,0,0.0,0.0,0.0,,0.0,0.0,mon:23|tue:23|wed:23|thu:23|fri:23,115,calm,27.807292134258574,27.807292134258574,15.596599908207704,1000000.0,False,0.0,0.0,factor:missing factor returns;poet:insufficient observations for POET
355.0,2019-11-29T00:00:00,calm,0,0.0,0.0,0.0,0.0,0.0,0.0,,,0,0.0,strict,0,0,0,,,detection_error,reports/rc-20251107/dow-scm/resolved_config.json,0.014614242460936138,0.019865415382314754,0.014153167777724521,dow,5,23,0.0,0.0,ff5mom,off,0,0.0,0.0,0.0,,0.0,0.0,mon:23|tue:23|wed:23|thu:23|fri:23,115,calm,27.807292134258574,27.807292134258574,15.596599908207704,1000000.0,False,0.0,0.0,factor:missing factor returns;poet:insufficient observations for POET
356.0,2019-12-02T00:00:00,calm,0,0.0,0.0,0.0,0.0,0.0,0.0,,,0,0.0,strict,0,0,0,,,detection_error,reports/rc-20251107/dow-scm/resolved_config.json,0.014597286425002649,0.019864737914440232,0.014132387764469477,dow,5,23,0.0,0.0,ff5mom,off,0,0.0,0.0,0.0,,0.0,0.0,mon:23|tue:23|wed:23|thu:23|fri:23,115,calm,27.807292134258574,27.807292134258574,15.596599908207704,1000000.0,False,0.0,0.0,factor:missing factor returns;poet:insufficient observations for POET
357.0,2019-12-03T00:00:00,calm,0,0.0,0.0,0.0,0.0,0.0,0.0,,,0,0.0,strict,0,0,0,,,detection_error,reports/rc-20251107/dow-scm/resolved_config.json,0.014587407654320098,0.01986406044656571,0.014421990425752387,dow,5,22,0.0,0.0,ff5mom,off,0,0.0,0.0,0.0,,0.0,0.0,mon:22|tue:22|wed:22|thu:22|fri:22,110,calm,25.753520633231684,25.753520633231684,14.765342707937497,1000000.0,False,0.03284149877355386,0.16420749386776928,factor:missing factor returns;poet:insufficient observations for POET
358.0,2019-12-04T00:00:00,calm,0,0.0,0.0,0.0,0.0,0.0,0.0,,,0,0.0,strict,0,0,0,,,detection_error,reports/rc-20251107/dow-scm/resolved_config.json,0.014581578417574364,0.01986338297869119,0.014279050906004533,dow,5,22,0.0,0.0,ff5mom,off,0,0.0,0.0,0.0,,0.0,0.0,mon:22|tue:22|wed:22|thu:22|fri:22,110,calm,25.753520633231684,25.753520633231684,14.765342707937497,1000000.0,False,0.0,0.0,factor:missing factor returns;poet:insufficient observations for POET
359.0,2019-12-05T00:00:00,calm,0,0.0,0.0,0.0,0.0,0.0,0.0,,,0,0.0,strict,0,0,0,,,detection_error,reports/rc-20251107/dow-scm/resolved_config.json,0.01457228286601167,0.019862705510816668,0.014046151317746346,dow,5,22,0.0,0.0,ff5mom,off,0,0.0,0.0,0.0,,0.0,0.0,mon:22|tue:22|wed:22|thu:22|fri:22,110,calm,25.753520633231684,25.753520633231684,14.765342707937497,1000000.0,False,0.0,0.0,factor:missing factor returns;poet:insufficient observations for POET
360.0,2019-12-06T00:00:00,calm,0,0.0,0.0,0.0,0.0,0.0,0.0,,,0,0.0,strict,0,0,0,,,detection_error,reports/rc-20251107/dow-scm/resolved_config.json,0.014547517033438586,0.019862028042942147,0.013696924314442954,dow,5,22,0.0,0.0,ff5mom,off,0,0.0,0.0,0.0,,0.0,0.0,mon:22|tue:22|wed:22|thu:22|fri:22,110,calm,25.753520633231684,25.753520633231684,14.765342707937497,1000000.0,False,0.0,0.0,factor:missing factor returns;poet:insufficient observations for POET
361.0,2019-12-09T00:00:00,calm,0,0.0,0.0,0.0,0.0,0.0,0.0,,,0,0.0,strict,0,0,0,,,detection_error,reports/rc-20251107/dow-scm/resolved_config.json,0.014543473877950155,0.01986060326647424,0.014070075829616151,dow,5,22,0.0,0.0,ff5mom,off,0,0.0,0.0,0.0,,0.0,0.0,mon:22|tue:22|wed:22|thu:22|fri:22,110,calm,25.753520633231684,25.753520633231684,14.765342707937497,1000000.0,False,0.0,0.0,factor:missing factor returns;poet:insufficient observations for POET
362.0,2019-12-10T00:00:00,calm,0,0.0,0.0,0.0,0.0,0.0,0.0,,,0,0.0,strict,0,0,0,,,detection_error,reports/rc-20251107/dow-scm/resolved_config.json,0.014528419464756068,0.019859178490006332,0.013812720177884302,dow,5,22,0.0,0.0,ff5mom,off,0,0.0,0.0,0.0,,0.0,0.0,mon:22|tue:22|wed:22|thu:22|fri:22,110,calm,26.037341243990024,26.037341243990024,14.926715017429341,1000000.0,False,0.02571633410604541,0.12858167053022704,factor:missing factor returns;poet:insufficient observations for POET
363.0,2019-12-11T00:00:00,calm,0,0.0,0.0,0.0,0.0,0.0,0.0,,,0,0.0,strict,0,0,0,,,detection_error,reports/rc-20251107/dow-scm/resolved_config.json,0.014518586406987336,0.019857753713538425,0.013459518024966796,dow,5,22,0.0,0.0,ff5mom,off,0,0.0,0.0,0.0,,0.0,0.0,mon:22|tue:22|wed:22|thu:22|fri:22,110,calm,26.037341243990024,26.037341243990024,14.926715017429341,1000000.0,False,0.0,0.0,factor:missing factor returns;poet:insufficient observations for POET
364.0,2019-12-12T00:00:00,calm,0,0.0,0.0,0.0,0.0,0.0,0.0,,,0,0.0,strict,0,0,0,,,detection_error,reports/rc-20251107/dow-scm/resolved_config.json,0.014517415436546239,0.019856328937070518,0.01337187884048637,dow,5,22,0.0,0.0,ff5mom,off,0,0.0,0.0,0.0,,0.0,0.0,mon:22|tue:22|wed:22|thu:22|fri:22,110,calm,26.037341243990024,26.037341243990024,14.926715017429341,1000000.0,False,0.0,0.0,factor:missing factor returns;poet:insufficient observations for POET
365.0,2019-12-13T00:00:00,calm,0,0.0,0.0,0.0,0.0,0.0,0.0,,,0,0.0,strict,0,0,0,,,detection_error,reports/rc-20251107/dow-scm/resolved_config.json,0.014515555404106336,0.01985490416060261,0.013791767201910998,dow,5,22,0.0,0.0,ff5mom,off,0,0.0,0.0,0.0,,0.0,0.0,mon:22|tue:22|wed:22|thu:22|fri:22,110,calm,26.037341243990024,26.037341243990024,14.926715017429341,1000000.0,False,0.0,0.0,factor:missing factor returns;poet:insufficient observations for POET
366.0,2019-12-16T00:00:00,calm,0,0.0,0.0,0.0,0.0,0.0,0.0,,,0,0.0,strict,0,0,0,,,detection_error,reports/rc-20251107/dow-scm/resolved_config.json,0.014511547021878794,0.019838145180113592,0.013629363737525638,dow,5,22,0.0,0.0,ff5mom,off,0,0.0,0.0,0.0,,0.0,0.0,mon:22|tue:22|wed:22|thu:22|fri:22,110,calm,26.037341243990024,26.037341243990024,14.926715017429341,1000000.0,False,0.0,0.0,factor:missing factor returns;poet:insufficient observations for POET
367.0,2019-12-17T00:00:00,calm,0,0.0,0.0,0.0,0.0,0.0,0.0,,,0,0.0,strict,0,0,0,,,detection_error,reports/rc-20251107/dow-scm/resolved_config.json,0.014491174922345685,0.019821386199624574,0.013915573011903192,dow,5,22,0.0,0.0,ff5mom,off,0,0.0,0.0,0.0,,0.0,0.0,mon:22|tue:22|wed:22|thu:22|fri:22,110,calm,26.019786565033712,26.019786565033712,14.883840975099089,1000000.0,False,0.034245354654128625,0.17122677327064312,factor:missing factor returns;poet:insufficient observations for POET
368.0,2019-12-18T00:00:00,calm,0,0.0,0.0,0.0,0.0,0.0,0.0,,,0,0.0,strict,0,0,0,,,detection_error,reports/rc-20251107/dow-scm/resolved_config.json,0.014477224825522437,0.019804627219135555,0.013849179368186597,dow,5,22,0.0,0.0,ff5mom,off,0,0.0,0.0,0.0,,0.0,0.0,mon:22|tue:22|wed:22|thu:22|fri:22,110,calm,26.019786565033712,26.019786565033712,14.883840975099089,1000000.0,False,0.0,0.0,factor:missing factor returns;poet:insufficient observations for POET
369.0,2019-12-19T00:00:00,calm,0,0.0,0.0,0.0,0.0,0.0,0.0,,,0,0.0,strict,0,0,0,,,detection_error,reports/rc-20251107/dow-scm/resolved_config.json,0.014473945510252759,0.019787868238646533,0.013870141286949304,dow,5,22,0.0,0.0,ff5mom,off,0,0.0,0.0,0.0,,0.0,0.0,mon:22|tue:22|wed:22|thu:22|fri:22,110,calm,26.019786565033712,26.019786565033712,14.883840975099089,1000000.0,False,0.0,0.0,factor:missing factor returns;poet:insufficient observations for POET
370.0,2019-12-20T00:00:00,calm,0,0.0,0.0,0.0,0.0,0.0,0.0,,,0,0.0,strict,0,0,0,,,detection_error,reports/rc-20251107/dow-scm/resolved_config.json,0.014467048814208645,0.01977110925815751,0.013834347578678532,dow,5,22,0.0,0.0,ff5mom,off,0,0.0,0.0,0.0,,0.0,0.0,mon:22|tue:22|wed:22|thu:22|fri:22,110,calm,26.019786565033712,26.019786565033712,14.883840975099089,1000000.0,False,0.0,0.0,factor:missing factor returns;poet:insufficient observations for POET
371.0,2019-12-23T00:00:00,calm,0,0.0,0.0,0.0,0.0,0.0,0.0,,,0,0.0,strict,0,0,0,,,detection_error,reports/rc-20251107/dow-scm/resolved_config.json,0.014461119570478291,0.019767347626158147,0.013527818516086122,dow,5,22,0.0,0.0,ff5mom,off,0,0.0,0.0,0.0,,0.0,0.0,mon:22|tue:22|wed:22|thu:22|fri:22,110,calm,26.019786565033712,26.019786565033712,14.883840975099089,1000000.0,False,0.0,0.0,factor:missing factor returns;poet:insufficient observations for POET
372.0,2019-12-24T00:00:00,calm,0,0.0,0.0,0.0,0.0,0.0,0.0,,,0,0.0,strict,0,0,0,,,detection_error,reports/rc-20251107/dow-scm/resolved_config.json,0.014443496989852858,0.019763585994158783,0.013602727428074045,dow,5,22,0.0,0.0,ff5mom,off,0,0.0,0.0,0.0,,0.0,0.0,mon:22|tue:22|wed:22|thu:22|fri:22,110,calm,25.912227460231104,25.912227460231104,14.73919495106299,1000000.0,False,0.029621697463864238,0.1481084873193212,factor:missing factor returns;poet:insufficient observations for POET
373.0,2019-12-26T00:00:00,calm,0,0.0,0.0,0.0,0.0,0.0,0.0,,,0,0.0,strict,0,0,0,,,detection_error,reports/rc-20251107/dow-scm/resolved_config.json,0.014429968420708345,0.01975982436215942,0.01308223113370218,dow,5,22,0.0,0.0,ff5mom,off,0,0.0,0.0,0.0,,0.0,0.0,mon:22|tue:22|wed:22|thu:22|fri:22,110,calm,25.912227460231104,25.912227460231104,14.73919495106299,1000000.0,False,0.0,0.0,factor:missing factor returns;poet:insufficient observations for POET
374.0,2019-12-27T00:00:00,calm,0,0.0,0.0,0.0,0.0,0.0,0.0,,,0,0.0,strict,0,0,0,,,detection_error,reports/rc-20251107/dow-scm/resolved_config.json,0.014425050754498013,0.019756062730160055,0.012807949055982577,dow,5,22,0.0,0.0,ff5mom,off,0,0.0,0.0,0.0,,0.0,0.0,mon:22|tue:22|wed:22|thu:22|fri:22,110,calm,25.912227460231104,25.912227460231104,14.73919495106299,1000000.0,False,0.0,0.0,factor:missing factor returns;poet:insufficient observations for POET
375.0,2019-12-30T00:00:00,calm,0,0.0,0.0,0.0,0.0,0.0,0.0,,,0,0.0,strict,0,0,0,,,detection_error,reports/rc-20251107/dow-scm/resolved_config.json,0.014421990425752387,0.01975230109816069,0.012526248926227553,dow,5,22,0.0,0.0,ff5mom,off,0,0.0,0.0,0.0,,0.0,0.0,mon:22|tue:22|wed:22|thu:22|fri:22,110,calm,25.912227460231104,25.912227460231104,14.73919495106299,1000000.0,False,0.0,0.0,factor:missing factor returns;poet:insufficient observations for POET
376.0,2019-12-31T00:00:00,calm,0,0.0,0.0,0.0,0.0,0.0,0.0,,,0,0.0,strict,0,0,0,,,detection_error,reports/rc-20251107/dow-scm/resolved_config.json,0.014418325686977073,0.0197474259111448,0.012163862489925509,dow,5,22,0.0,0.0,ff5mom,off,0,0.0,0.0,0.0,,0.0,0.0,mon:22|tue:22|wed:22|thu:22|fri:22,110,calm,25.912227460231104,25.912227460231104,14.73919495106299,1000000.0,False,0.0,0.0,factor:missing factor returns;poet:insufficient observations for POET
377.0,2020-01-02T00:00:00,calm,0,0.0,0.0,0.0,0.0,0.0,0.0,,,0,0.0,strict,0,0,0,,,detection_error,reports/rc-20251107/dow-scm/resolved_config.json,0.014417181811316088,0.019742550724128907,0.012021925855884174,dow,5,22,0.0,0.0,ff5mom,off,0,0.0,0.0,0.0,,0.0,0.0,mon:22|tue:22|wed:22|thu:22|fri:22,110,calm,25.912227460231104,25.912227460231104,14.73919495106299,1000000.0,False,0.0,0.0,factor:missing factor returns;poet:insufficient observations for POET
378.0,2020-01-03T00:00:00,calm,0,0.0,0.0,0.0,0.0,0.0,0.0,,,0,0.0,strict,0,0,0,,,detection_error,reports/rc-20251107/dow-scm/resolved_config.json,0.01441244048427831,0.019737675537113017,0.012197885795482883,dow,5,22,0.0,0.0,ff5mom,off,0,0.0,0.0,0.0,,0.0,0.0,mon:22|tue:22|wed:22|thu:22|fri:22,110,calm,25.912227460231104,25.912227460231104,14.73919495106299,1000000.0,False,0.0,0.0,factor:missing factor returns;poet:insufficient observations for POET
379.0,2020-01-06T00:00:00,calm,0,0.0,0.0,0.0,0.0,0.0,0.0,,,0,0.0,strict,0,0,0,,,detection_error,reports/rc-20251107/dow-scm/resolved_config.json,0.014402832348099612,0.019732800350097127,0.012128399469916036,dow,5,22,0.0,0.0,ff5mom,off,0,0.0,0.0,0.0,,0.0,0.0,mon:22|tue:22|wed:22|thu:22|fri:22,110,calm,25.912227460231104,25.912227460231104,14.73919495106299,1000000.0,False,0.0,0.0,factor:missing factor returns;poet:insufficient observations for POET
380.0,2020-01-07T00:00:00,calm,0,0.0,0.0,0.0,0.0,0.0,0.0,,,0,0.0,strict,0,0,0,,,detection_error,reports/rc-20251107/dow-scm/resolved_config.json,0.014391937001742863,0.019727925163081233,0.012069682387217643,dow,5,22,0.0,0.0,ff5mom,off,0,0.0,0.0,0.0,,0.0,0.0,mon:22|tue:22|wed:22|thu:22|fri:22,110,calm,25.912227460231104,25.912227460231104,14.73919495106299,1000000.0,False,0.0,0.0,factor:missing factor returns;poet:insufficient observations for POET
381.0,2020-01-08T00:00:00,calm,0,0.0,0.0,0.0,0.0,0.0,0.0,,,0,0.0,strict,0,0,0,,,detection_error,reports/rc-20251107/dow-scm/resolved_config.json,0.014389296296814468,0.019724706753214936,0.011918637093503038,dow,5,21,0.0,0.0,ff5mom,off,0,0.0,0.0,0.0,,0.0,0.0,mon:21|tue:21|wed:21|thu:21|fri:21,105,calm,24.225642075658094,24.225642075658094,14.221844193301239,1000000.0,False,0.017435031397726224,0.08717515698863113,factor:missing factor returns;poet:insufficient observations for POET
382.0,2020-01-09T00:00:00,calm,0,0.0,0.0,0.0,0.0,0.0,0.0,,,0,0.0,strict,0,0,0,,,detection_error,reports/rc-20251107/dow-scm/resolved_config.json,0.014386082870987785,0.019721488343348643,0.012135878282315974,dow,5,21,0.0,0.0,ff5mom,off,0,0.0,0.0,0.0,,0.0,0.0,mon:21|tue:21|wed:21|thu:21|fri:21,105,calm,24.225642075658094,24.225642075658094,14.221844193301239,1000000.0,False,0.0,0.0,factor:missing factor returns;poet:insufficient observations for POET
383.0,2020-01-10T00:00:00,calm,0,0.0,0.0,0.0,0.0,0.0,0.0,,,0,0.0,strict,0,0,0,,,detection_error,reports/rc-20251107/dow-scm/resolved_config.json,0.014381607796677711,0.019718269933482347,0.012049872988330886,dow,5,21,0.0,0.0,ff5mom,off,0,0.0,0.0,0.0,,0.0,0.0,mon:21|tue:21|wed:21|thu:21|fri:21,105,calm,24.225642075658094,24.225642075658094,14.221844193301239,1000000.0,False,0.0,0.0,factor:missing factor returns;poet:insufficient observations for POET
384.0,2020-01-13T00:00:00,calm,0,0.0,0.0,0.0,0.0,0.0,0.0,,,0,0.0,strict,0,0,0,,,detection_error,reports/rc-20251107/dow-scm/resolved_config.json,0.014377093125510429,0.019715051523616054,0.011983489218317779,dow,5,21,0.0,0.0,ff5mom,off,0,0.0,0.0,0.0,,0.0,0.0,mon:21|tue:21|wed:21|thu:21|fri:21,105,calm,24.225642075658094,24.225642075658094,14.221844193301239,1000000.0,False,0.0,0.0,factor:missing factor returns;poet:insufficient observations for POET
385.0,2020-01-14T00:00:00,calm,0,0.0,0.0,0.0,0.0,0.0,0.0,,,0,0.0,strict,0,0,0,,,detection_error,reports/rc-20251107/dow-scm/resolved_config.json,0.014375671888323402,0.019711833113749758,0.012145844666608145,dow,5,22,0.0,0.0,ff5mom,off,0,0.0,0.0,0.0,,0.0,0.0,mon:22|tue:22|wed:22|thu:22|fri:22,110,calm,25.889025363329814,25.889025363329814,14.726248771417557,1000000.0,False,0.015637416587333808,0.07818708293666904,factor:missing factor returns;poet:insufficient observations for POET
,,calm,0,0.0,,0.0,0.0,,0.0,0.0,0.0,0,0.0,strict,0,0,0,,0.02,balance_failure,reports/rc-20251107/dow-scm/resolved_config.json,0.014375059768438954,0.01970518196195419,0.012332064337278808,dow,5,19,0.0,0.0,ff5mom,off,0,0.0,0.0,0.0,,0.0,0.0,mon:19|tue:19|wed:19|thu:19|fri:19,95,calm,,,,,,,,
,,calm,0,0.0,,0.0,0.0,,0.0,0.0,0.0,0,0.0,strict,0,0,0,,0.02,balance_failure,reports/rc-20251107/dow-scm/resolved_config.json,0.014373002124556566,0.019698530810158616,0.012130296611300037,dow,5,19,0.0,0.0,ff5mom,off,0,0.0,0.0,0.0,,0.0,0.0,mon:19|tue:19|wed:19|thu:19|fri:19,95,calm,,,,,,,,
,,calm,0,0.0,,0.0,0.0,,0.0,0.0,0.0,0,0.0,strict,0,0,0,,0.02,balance_failure,reports/rc-20251107/dow-scm/resolved_config.json,0.01437114140865338,0.019691879658363047,0.013212149253948506,dow,5,19,0.0,0.0,ff5mom,off,0,0.0,0.0,0.0,,0.0,0.0,mon:19|tue:19|wed:19|thu:19|fri:19,95,calm,,,,,,,,
,,calm,0,0.0,,0.0,0.0,,0.0,0.0,0.0,0,0.0,strict,0,0,0,,0.02,balance_failure,reports/rc-20251107/dow-scm/resolved_config.json,0.014370073162720584,0.019685228506567478,0.012920454078845907,dow,5,19,0.0,0.0,ff5mom,off,0,0.0,0.0,0.0,,0.0,0.0,mon:19|tue:19|wed:19|thu:19|fri:19,95,calm,,,,,,,,
,,calm,0,0.0,,0.0,0.0,,0.0,0.0,0.0,0,0.0,strict,0,0,0,,0.02,balance_failure,reports/rc-20251107/dow-scm/resolved_config.json,0.014369346018763409,0.019678577354771905,0.012938366539940278,dow,5,19,0.0,0.0,ff5mom,off,0,0.0,0.0,0.0,,0.0,0.0,mon:19|tue:19|wed:19|thu:19|fri:19,95,calm,,,,,,,,
,,calm,0,0.0,,0.0,0.0,,0.0,0.0,0.0,0,0.0,strict,0,0,0,,0.02,balance_failure,reports/rc-20251107/dow-scm/resolved_config.json,0.014367432309805441,0.019667847926880984,0.013150936011045633,dow,5,18,0.0,0.0,ff5mom,off,0,0.0,0.0,0.0,,0.0,0.0,mon:18|tue:18|wed:18|thu:18|fri:18,90,calm,,,,,,,,
,,calm,0,0.0,,0.0,0.0,,0.0,0.0,0.0,0,0.0,strict,0,0,0,,0.02,balance_failure,reports/rc-20251107/dow-scm/resolved_config.json,0.014362335890827206,0.019657118498990062,0.012993644445455754,dow,5,18,0.0,0.0,ff5mom,off,0,0.0,0.0,0.0,,0.0,0.0,mon:18|tue:18|wed:18|thu:18|fri:18,90,calm,,,,,,,,
,,calm,0,0.0,,0.0,0.0,,0.0,0.0,0.0,0,0.0,strict,0,0,0,,0.02,balance_failure,reports/rc-20251107/dow-scm/resolved_config.json,0.014355133362168275,0.01964638907109914,0.014087685923901907,dow,5,18,0.0,0.0,ff5mom,off,0,0.0,0.0,0.0,,0.0,0.0,mon:18|tue:18|wed:18|thu:18|fri:18,90,calm,,,,,,,,
,,calm,0,0.0,,0.0,0.0,,0.0,0.0,0.0,0,0.0,strict,0,0,0,,0.02,balance_failure,reports/rc-20251107/dow-scm/resolved_config.json,0.01702187351257305,0.026026373026697244,0.016981002046502578,dow,5,18,0.0,0.0,ff5mom,off,0,0.0,0.0,0.0,,0.0,0.0,mon:18|tue:18|wed:18|thu:18|fri:18,90,calm,,,,,,,,
,,calm,0,0.0,,0.0,0.0,,0.0,0.0,0.0,0,0.0,strict,0,0,0,,0.02,balance_failure,reports/rc-20251107/dow-scm/resolved_config.json,0.017015901505187607,0.0260263538582979,0.016749919285243952,dow,5,18,0.0,0.0,ff5mom,off,0,0.0,0.0,0.0,,0.0,0.0,mon:18|tue:18|wed:18|thu:18|fri:18,90,calm,,,,,,,,
,,calm,0,0.0,,0.0,0.0,,0.0,0.0,0.0,0,0.0,strict,0,0,0,,0.02,balance_failure,reports/rc-20251107/dow-scm/resolved_config.json,0.017002305213352165,0.02602633468989856,0.016413305887459886,dow,5,18,0.0,0.0,ff5mom,off,0,0.0,0.0,0.0,,0.0,0.0,mon:18|tue:18|wed:18|thu:18|fri:18,90,calm,,,,,,,,
,,calm,0,0.0,,0.0,0.0,,0.0,0.0,0.0,0,0.0,strict,0,0,0,,0.02,balance_failure,reports/rc-20251107/dow-scm/resolved_config.json,0.016988942630616698,0.026026315521499217,0.01632582764547479,dow,5,18,0.0,0.0,ff5mom,off,0,0.0,0.0,0.0,,0.0,0.0,mon:18|tue:18|wed:18|thu:18|fri:18,90,calm,,,,,,,,
,,calm,0,0.0,,0.0,0.0,,0.0,0.0,0.0,0,0.0,strict,0,0,0,,0.02,balance_failure,reports/rc-20251107/dow-scm/resolved_config.json,0.016978689714238566,0.026026296353099877,0.016465011355309585,dow,5,18,0.0,0.0,ff5mom,off,0,0.0,0.0,0.0,,0.0,0.0,mon:18|tue:18|wed:18|thu:18|fri:18,90,calm,,,,,,,,
,,calm,0,0.0,,0.0,0.0,,0.0,0.0,0.0,0,0.0,strict,0,0,0,,0.02,balance_failure,reports/rc-20251107/dow-scm/resolved_config.json,0.016969440385182517,0.026026277184700533,0.01663526170583799,dow,5,18,0.0,0.0,ff5mom,off,0,0.0,0.0,0.0,,0.0,0.0,mon:18|tue:18|wed:18|thu:18|fri:18,90,calm,,,,,,,,
,,calm,0,0.0,,0.0,0.0,,0.0,0.0,0.0,0,0.0,strict,0,0,0,,0.02,balance_failure,reports/rc-20251107/dow-scm/resolved_config.json,0.01696454619472929,0.02602448358360708,0.016368987449637648,dow,5,18,0.0,0.0,ff5mom,off,0,0.0,0.0,0.0,,0.0,0.0,mon:18|tue:18|wed:18|thu:18|fri:18,90,calm,,,,,,,,
,,calm,0,0.0,,0.0,0.0,,0.0,0.0,0.0,0,0.0,strict,0,0,0,,0.02,balance_failure,reports/rc-20251107/dow-scm/resolved_config.json,0.01696249276812736,0.026022689982513624,0.016456236234956633,dow,5,18,0.0,0.0,ff5mom,off,0,0.0,0.0,0.0,,0.0,0.0,mon:18|tue:18|wed:18|thu:18|fri:18,90,calm,,,,,,,,
,,calm,0,0.0,,0.0,0.0,,0.0,0.0,0.0,0,0.0,strict,0,0,0,,0.02,balance_failure,reports/rc-20251107/dow-scm/resolved_config.json,0.016953954066072086,0.026020896381420168,0.016642228857886264,dow,5,19,0.0,0.0,ff5mom,off,0,0.0,0.0,0.0,,0.0,0.0,mon:19|tue:19|wed:19|thu:19|fri:19,95,calm,,,,,,,,
,,calm,0,0.0,,0.0,0.0,,0.0,0.0,0.0,0,0.0,strict,0,0,0,,0.02,balance_failure,reports/rc-20251107/dow-scm/resolved_config.json,0.016941769993262787,0.026019102780326712,0.016636669854891463,dow,5,19,0.0,0.0,ff5mom,off,0,0.0,0.0,0.0,,0.0,0.0,mon:19|tue:19|wed:19|thu:19|fri:19,95,calm,,,,,,,,
,,calm,0,0.0,,0.0,0.0,,0.0,0.0,0.0,0,0.0,strict,0,0,0,,0.02,balance_failure,reports/rc-20251107/dow-scm/resolved_config.json,0.01694094639840275,0.026017309179233256,0.016533778745308758,dow,5,18,0.0,0.0,ff5mom,off,0,0.0,0.0,0.0,,0.0,0.0,mon:18|tue:18|wed:18|thu:18|fri:18,90,calm,,,,,,,,
,,calm,0,0.0,,0.0,0.0,,0.0,0.0,0.0,0,0.0,strict,0,0,0,,0.02,balance_failure,reports/rc-20251107/dow-scm/resolved_config.json,0.016937406436690314,0.026015372854947618,0.01667524013393301,dow,5,18,0.0,0.0,ff5mom,off,0,0.0,0.0,0.0,,0.0,0.0,mon:18|tue:18|wed:18|thu:18|fri:18,90,calm,,,,,,,,
,,calm,0,0.0,,0.0,0.0,,0.0,0.0,0.0,0,0.0,strict,0,0,0,,0.02,balance_failure,reports/rc-20251107/dow-scm/resolved_config.json,0.016929484989505614,0.02601343653066198,0.016788635160229333,dow,5,18,0.0,0.0,ff5mom,off,0,0.0,0.0,0.0,,0.0,0.0,mon:18|tue:18|wed:18|thu:18|fri:18,90,calm,,,,,,,,
,,calm,0,0.0,,0.0,0.0,,0.0,0.0,0.0,0,0.0,strict,0,0,0,,0.02,balance_failure,reports/rc-20251107/dow-scm/resolved_config.json,0.016922941679357487,0.02601150020637634,0.01663216726067293,dow,5,18,0.0,0.0,ff5mom,off,0,0.0,0.0,0.0,,0.0,0.0,mon:18|tue:18|wed:18|thu:18|fri:18,90,calm,,,,,,,,
,,calm,0,0.0,,0.0,0.0,,0.0,0.0,0.0,0,0.0,strict,0,0,0,,0.02,balance_failure,reports/rc-20251107/dow-scm/resolved_config.json,0.01691577212258204,0.026009563882090702,0.016704331675915472,dow,5,18,0.0,0.0,ff5mom,off,0,0.0,0.0,0.0,,0.0,0.0,mon:18|tue:18|wed:18|thu:18|fri:18,90,calm,,,,,,,,
